pattern,condition,stream_id,stream_seed,system,beta,utility_u,mean_l1_dist,terminal_l1_dist,convergence_turn,oscillation_sign_flips,oscillation_rate
P1-n4,D-dependent,0,20260228,uncoupled,0.0,0.8068120367408838,0.38637592651823255,0.19349468645367782,12.0,26.0,0.5909090909090909
P1-n4,D-dependent,0,20260228,coupled,0.1,0.7993332720608971,0.40133345587820585,0.17600774133718605,12.0,23.0,0.5227272727272727
P1-n4,D-dependent,0,20260228,coupled,0.3,0.7884378790823133,0.4231242418353734,0.1066591625190641,12.0,25.0,0.5681818181818182
P1-n4,D-dependent,0,20260228,coupled,0.5,0.7925600259795221,0.4148799480409558,0.0,12.0,26.0,0.5909090909090909
P1-n4,D-independent,0,20260228,uncoupled,0.0,0.8580310004255306,0.28393799914893886,0.0,5.0,26.0,0.5909090909090909
P1-n4,D-independent,0,20260228,coupled,0.1,0.8580310004255306,0.28393799914893886,0.0,5.0,26.0,0.5909090909090909
P1-n4,D-independent,0,20260228,coupled,0.3,0.8580310004255306,0.28393799914893886,0.0,5.0,26.0,0.5909090909090909
P1-n4,D-independent,0,20260228,coupled,0.5,0.8580310004255306,0.28393799914893886,0.0,5.0,26.0,0.5909090909090909
P1-n4,D-mismatch,0,20260228,uncoupled,0.0,0.8068120367408838,0.38637592651823255,0.19349468645367782,12.0,26.0,0.5909090909090909
P1-n4,D-mismatch,0,20260228,coupled,0.1,0.8036673390407354,0.39266532191852915,0.20979935824874543,12.0,26.0,0.5909090909090909
P1-n4,D-mismatch,0,20260228,coupled,0.3,0.7817434647774587,0.43651307044508253,0.27542700443943186,13.0,29.0,0.6590909090909091
P1-n4,D-mismatch,0,20260228,coupled,0.5,0.7582740338312202,0.48345193233755973,0.36477578017032364,13.0,28.0,0.6363636363636364
P1-n4,D-dependent,1,20260229,uncoupled,0.0,0.7271784945472737,0.5456430109054528,0.46360193576337855,13.0,12.0,0.2727272727272727
P1-n4,D-dependent,1,20260229,coupled,0.1,0.7556947679291446,0.48861046414171083,0.36686984357129376,13.0,12.0,0.2727272727272727
P1-n4,D-dependent,1,20260229,coupled,0.3,0.7962572800955172,0.40748543980896557,0.18255835949231353,12.0,13.0,0.29545454545454547
P1-n4,D-dependent,1,20260229,coupled,0.5,0.8231582198364362,0.35368356032712756,0.0,2.0,15.0,0.3409090909090909
P1-n4,D-independent,1,20260229,uncoupled,0.0,0.8637988914701835,0.27240221705963286,0.0,2.0,12.0,0.2727272727272727
P1-n4,D-independent,1,20260229,coupled,0.1,0.8637988914701835,0.27240221705963286,0.0,2.0,12.0,0.2727272727272727
P1-n4,D-independent,1,20260229,coupled,0.3,0.8637988914701835,0.27240221705963286,0.0,2.0,12.0,0.2727272727272727
P1-n4,D-independent,1,20260229,coupled,0.5,0.8637988914701835,0.27240221705963286,0.0,2.0,12.0,0.2727272727272727
P1-n4,D-mismatch,1,20260229,uncoupled,0.0,0.7271784945472737,0.5456430109054528,0.46360193576337855,13.0,12.0,0.2727272727272727
P1-n4,D-mismatch,1,20260229,coupled,0.1,0.6973089126751288,0.6053821746497424,0.549545142854946,13.0,12.0,0.2727272727272727
P1-n4,D-mismatch,1,20260229,coupled,0.3,0.6335226903897588,0.7329546192204823,0.745519429111834,13.0,12.0,0.2727272727272727
P1-n4,D-mismatch,1,20260229,coupled,0.5,0.564835123129346,0.8703297537413079,0.9750617605533453,13.0,11.0,0.25
P1-n4,D-dependent,2,20260230,uncoupled,0.0,0.7838628036262713,0.4322743927474575,0.31498806173418975,13.0,26.0,0.5909090909090909
P1-n4,D-dependent,2,20260230,coupled,0.1,0.807652613019136,0.38469477396172796,0.25945618369282897,13.0,28.0,0.6363636363636364
P1-n4,D-dependent,2,20260230,coupled,0.3,0.8568979355057641,0.28620412898847175,0.1404852354297898,4.0,31.0,0.7045454545454546
P1-n4,D-dependent,2,20260230,coupled,0.5,0.8908688257771885,0.2182623484456229,0.0,4.0,30.0,0.6818181818181818
P1-n4,D-independent,2,20260230,uncoupled,0.0,0.9084450343173056,0.1831099313653888,0.0,4.0,26.0,0.5909090909090909
P1-n4,D-independent,2,20260230,coupled,0.1,0.9084450343173056,0.1831099313653888,0.0,4.0,26.0,0.5909090909090909
P1-n4,D-independent,2,20260230,coupled,0.3,0.9084450343173056,0.1831099313653888,0.0,4.0,26.0,0.5909090909090909
P1-n4,D-independent,2,20260230,coupled,0.5,0.9084450343173056,0.1831099313653888,0.0,4.0,26.0,0.5909090909090909
P1-n4,D-mismatch,2,20260230,uncoupled,0.0,0.7838628036262713,0.4322743927474575,0.31498806173418975,13.0,26.0,0.5909090909090909
P1-n4,D-mismatch,2,20260230,coupled,0.1,0.7587517505422995,0.482496498915401,0.36904177429558066,13.0,24.0,0.5454545454545454
P1-n4,D-mismatch,2,20260230,coupled,0.3,0.7103718126313938,0.5792563747372123,0.47471030278953563,13.0,26.0,0.5909090909090909
P1-n4,D-mismatch,2,20260230,coupled,0.5,0.66274413637323,0.6745117272535399,0.5791211325564254,13.0,28.0,0.6363636363636364
P1-n4,D-dependent,3,20260231,uncoupled,0.0,0.7918626899040972,0.41627462019180556,0.26053884631804214,1.0,26.0,0.5909090909090909
P1-n4,D-dependent,3,20260231,coupled,0.1,0.7857431395143887,0.4285137209712226,0.21112627855533567,1.0,26.0,0.5909090909090909
P1-n4,D-dependent,3,20260231,coupled,0.3,0.7711369184981449,0.45772616300371016,0.10861241274381783,1.0,23.0,0.5227272727272727
P1-n4,D-dependent,3,20260231,coupled,0.5,0.7503198996701492,0.4993602006597016,0.0,1.0,20.0,0.45454545454545453
P1-n4,D-independent,3,20260231,uncoupled,0.0,0.8137565375873791,0.37248692482524176,0.0,11.0,26.0,0.5909090909090909
P1-n4,D-independent,3,20260231,coupled,0.1,0.8137565375873791,0.37248692482524176,0.0,11.0,26.0,0.5909090909090909
P1-n4,D-independent,3,20260231,coupled,0.3,0.8137565375873791,0.37248692482524176,0.0,11.0,26.0,0.5909090909090909
P1-n4,D-independent,3,20260231,coupled,0.5,0.8137565375873791,0.37248692482524176,0.0,11.0,26.0,0.5909090909090909
P1-n4,D-mismatch,3,20260231,uncoupled,0.0,0.7918626899040972,0.41627462019180556,0.26053884631804214,1.0,26.0,0.5909090909090909
P1-n4,D-mismatch,3,20260231,coupled,0.1,0.7972637067286817,0.40547258654263657,0.3093180616991964,1.0,26.0,0.5909090909090909
P1-n4,D-mismatch,3,20260231,coupled,0.3,0.8058136839794827,0.3883726320410345,0.4065079720659027,1.0,32.0,0.7272727272727273
P1-n4,D-mismatch,3,20260231,coupled,0.5,0.807383067507611,0.3852338649847779,0.5055772976411419,1.0,36.0,0.8181818181818182
P1-n4,D-dependent,4,20260232,uncoupled,0.0,0.6381653891021022,0.7236692217957956,0.2593793361801051,13.0,14.0,0.3181818181818182
P1-n4,D-dependent,4,20260232,coupled,0.1,0.6620012465487757,0.6759975069024488,0.20372825222059815,12.0,14.0,0.3181818181818182
P1-n4,D-dependent,4,20260232,coupled,0.3,0.7055316886182095,0.5889366227635809,0.09679210280244709,12.0,13.0,0.29545454545454547
P1-n4,D-dependent,4,20260232,coupled,0.5,0.7383385310108646,0.523322937978271,0.0,11.0,9.0,0.20454545454545456
P1-n4,D-independent,4,20260232,uncoupled,0.0,0.7636648225522141,0.4726703548955717,0.0,11.0,14.0,0.3181818181818182
P1-n4,D-independent,4,20260232,coupled,0.1,0.7636648225522141,0.4726703548955717,0.0,11.0,14.0,0.3181818181818182
P1-n4,D-independent,4,20260232,coupled,0.3,0.7636648225522141,0.4726703548955717,0.0,11.0,14.0,0.3181818181818182
P1-n4,D-independent,4,20260232,coupled,0.5,0.7636648225522141,0.4726703548955717,0.0,11.0,14.0,0.3181818181818182
P1-n4,D-mismatch,4,20260232,uncoupled,0.0,0.6381653891021022,0.7236692217957956,0.2593793361801051,13.0,14.0,0.3181818181818182
P1-n4,D-mismatch,4,20260232,coupled,0.1,0.6121886252765003,0.7756227494469994,0.3278438612145916,13.0,15.0,0.3409090909090909
P1-n4,D-mismatch,4,20260232,coupled,0.3,0.5508265620650239,0.8983468758699522,0.5080845700057817,13.0,17.0,0.38636363636363635
P1-n4,D-mismatch,4,20260232,coupled,0.5,0.4718183643563373,1.0563632712873254,0.7346551667988568,13.0,20.0,0.45454545454545453
P1-n4,D-dependent,5,20260233,uncoupled,0.0,0.8304609928701706,0.3390780142596588,0.41803084417233527,5.0,28.0,0.6363636363636364
P1-n4,D-dependent,5,20260233,coupled,0.1,0.8438856958409412,0.3122286083181176,0.33382455823366025,5.0,28.0,0.6363636363636364
P1-n4,D-dependent,5,20260233,coupled,0.3,0.8666723071250164,0.2666553857499671,0.16717601693265757,6.0,29.0,0.6590909090909091
P1-n4,D-dependent,5,20260233,coupled,0.5,0.8604770010074048,0.2790459979851904,0.0,6.0,30.0,0.6818181818181818
P1-n4,D-independent,5,20260233,uncoupled,0.0,0.8616855321824206,0.2766289356351588,0.0,6.0,28.0,0.6363636363636364
P1-n4,D-independent,5,20260233,coupled,0.1,0.8616855321824206,0.2766289356351588,0.0,6.0,28.0,0.6363636363636364
P1-n4,D-independent,5,20260233,coupled,0.3,0.8616855321824206,0.2766289356351588,0.0,6.0,28.0,0.6363636363636364
P1-n4,D-independent,5,20260233,coupled,0.5,0.8616855321824206,0.2766289356351588,0.0,6.0,28.0,0.6363636363636364
P1-n4,D-mismatch,5,20260233,uncoupled,0.0,0.8304609928701706,0.3390780142596588,0.41803084417233527,5.0,28.0,0.6363636363636364
P1-n4,D-mismatch,5,20260233,coupled,0.1,0.8156431795641466,0.3687136408717068,0.5034393103370899,5.0,28.0,0.6363636363636364
P1-n4,D-mismatch,5,20260233,coupled,0.3,0.7805479596701396,0.4389040806597209,0.6799349433973849,13.0,31.0,0.7045454545454546
P1-n4,D-mismatch,5,20260233,coupled,0.5,0.7434514069569658,0.5130971860860684,0.8131250737199098,13.0,33.0,0.75
P1-n4,D-dependent,6,20260234,uncoupled,0.0,0.7183595317044627,0.5632809365910746,0.23445589181865312,12.0,18.0,0.4090909090909091
P1-n4,D-dependent,6,20260234,coupled,0.1,0.7234985816414804,0.5530028367170392,0.1860667646326977,12.0,19.0,0.4318181818181818
P1-n4,D-dependent,6,20260234,coupled,0.3,0.7351538800634199,0.5296922398731604,0.08936932007228165,12.0,20.0,0.45454545454545453
P1-n4,D-dependent,6,20260234,coupled,0.5,0.7426100671192242,0.5147798657615515,0.0,12.0,20.0,0.45454545454545453
P1-n4,D-independent,6,20260234,uncoupled,0.0,0.755114247862523,0.489771504274954,0.0,10.0,18.0,0.4090909090909091
P1-n4,D-independent,6,20260234,coupled,0.1,0.755114247862523,0.489771504274954,0.0,10.0,18.0,0.4090909090909091
P1-n4,D-independent,6,20260234,coupled,0.3,0.755114247862523,0.489771504274954,0.0,10.0,18.0,0.4090909090909091
P1-n4,D-independent,6,20260234,coupled,0.5,0.755114247862523,0.489771504274954,0.0,10.0,18.0,0.4090909090909091
P1-n4,D-mismatch,6,20260234,uncoupled,0.0,0.7183595317044627,0.5632809365910746,0.23445589181865312,12.0,18.0,0.4090909090909091
P1-n4,D-mismatch,6,20260234,coupled,0.1,0.7146411526755672,0.5707176946488658,0.25904025736873737,13.0,20.0,0.45454545454545453
P1-n4,D-mismatch,6,20260234,coupled,0.3,0.7027683915403553,0.5944632169192895,0.29524061498860427,13.0,21.0,0.4772727272727273
P1-n4,D-mismatch,6,20260234,coupled,0.5,0.6845447768385298,0.6309104463229405,0.3794053400539234,13.0,20.0,0.45454545454545453
P1-n4,D-dependent,7,20260235,uncoupled,0.0,0.6200655204027379,0.7598689591945244,0.43740492886177623,13.0,20.0,0.45454545454545453
P1-n4,D-dependent,7,20260235,coupled,0.1,0.6355953047785856,0.7288093904428287,0.3648244483888902,13.0,20.0,0.45454545454545453
P1-n4,D-dependent,7,20260235,coupled,0.3,0.6698740651853787,0.6602518696292425,0.1967317847572676,12.0,19.0,0.4318181818181818
P1-n4,D-dependent,7,20260235,coupled,0.5,0.7022427065435382,0.5955145869129237,0.0,12.0,18.0,0.4090909090909091
P1-n4,D-independent,7,20260235,uncoupled,0.0,0.8136912339107403,0.3726175321785194,0.0,8.0,20.0,0.45454545454545453
P1-n4,D-independent,7,20260235,coupled,0.1,0.8136912339107403,0.3726175321785194,0.0,8.0,20.0,0.45454545454545453
P1-n4,D-independent,7,20260235,coupled,0.3,0.8136912339107403,0.3726175321785194,0.0,8.0,20.0,0.45454545454545453
P1-n4,D-independent,7,20260235,coupled,0.5,0.8136912339107403,0.3726175321785194,0.0,8.0,20.0,0.45454545454545453
P1-n4,D-mismatch,7,20260235,uncoupled,0.0,0.6200655204027379,0.7598689591945244,0.43740492886177623,13.0,20.0,0.45454545454545453
P1-n4,D-mismatch,7,20260235,coupled,0.1,0.6055174423174203,0.7889651153651592,0.502478204653592,13.0,22.0,0.5
P1-n4,D-mismatch,7,20260235,coupled,0.3,0.5788086438680142,0.8423827122639717,0.6186326201182915,13.0,22.0,0.5
P1-n4,D-mismatch,7,20260235,coupled,0.5,0.554287037542857,0.8914259249142858,0.7259887070520182,13.0,24.0,0.5454545454545454
P1-n4,D-dependent,8,20260236,uncoupled,0.0,0.7171836445172048,0.5656327109655904,0.49939660719147727,13.0,18.0,0.4090909090909091
P1-n4,D-dependent,8,20260236,coupled,0.1,0.7183438037608759,0.5633123924782482,0.4078479774911429,13.0,21.0,0.4772727272727273
P1-n4,D-dependent,8,20260236,coupled,0.3,0.7107083447768767,0.5785833104462464,0.2151776914668323,11.0,21.0,0.4772727272727273
P1-n4,D-dependent,8,20260236,coupled,0.5,0.6911841626113926,0.6176316747772147,0.0,11.0,20.0,0.45454545454545453
P1-n4,D-independent,8,20260236,uncoupled,0.0,0.7677436715342935,0.464512656931413,0.0,11.0,18.0,0.4090909090909091
P1-n4,D-independent,8,20260236,coupled,0.1,0.7677436715342935,0.464512656931413,0.0,11.0,18.0,0.4090909090909091
P1-n4,D-independent,8,20260236,coupled,0.3,0.7677436715342935,0.464512656931413,0.0,11.0,18.0,0.4090909090909091
P1-n4,D-independent,8,20260236,coupled,0.5,0.7677436715342935,0.464512656931413,0.0,11.0,18.0,0.4090909090909091
P1-n4,D-mismatch,8,20260236,uncoupled,0.0,0.7171836445172048,0.5656327109655904,0.49939660719147727,13.0,18.0,0.4090909090909091
P1-n4,D-mismatch,8,20260236,coupled,0.1,0.7091405340060812,0.5817189319878376,0.5892049228479463,13.0,20.0,0.45454545454545453
P1-n4,D-mismatch,8,20260236,coupled,0.3,0.7002610966651583,0.5994778066696833,0.6716314950902319,13.0,15.0,0.3409090909090909
P1-n4,D-mismatch,8,20260236,coupled,0.5,0.68846481124534,0.6230703775093199,0.711700836288485,13.0,17.0,0.38636363636363635
P1-n4,D-dependent,9,20260237,uncoupled,0.0,0.7011430719720761,0.5977138560558478,0.38470449621535036,13.0,26.0,0.5909090909090909
P1-n4,D-dependent,9,20260237,coupled,0.1,0.718693547319907,0.5626129053601862,0.3073314364478484,13.0,26.0,0.5909090909090909
P1-n4,D-dependent,9,20260237,coupled,0.3,0.7542244741051021,0.4915510517897959,0.15458016275123362,12.0,23.0,0.5227272727272727
P1-n4,D-dependent,9,20260237,coupled,0.5,0.7854297714769173,0.4291404570461654,0.0,7.0,22.0,0.5
P1-n4,D-independent,9,20260237,uncoupled,0.0,0.822089525967236,0.35582094806552816,0.0,10.0,26.0,0.5909090909090909
P1-n4,D-independent,9,20260237,coupled,0.1,0.822089525967236,0.35582094806552816,0.0,10.0,26.0,0.5909090909090909
P1-n4,D-independent,9,20260237,coupled,0.3,0.822089525967236,0.35582094806552816,0.0,10.0,26.0,0.5909090909090909
P1-n4,D-independent,9,20260237,coupled,0.5,0.822089525967236,0.35582094806552816,0.0,10.0,26.0,0.5909090909090909
P1-n4,D-mismatch,9,20260237,uncoupled,0.0,0.7011430719720761,0.5977138560558478,0.38470449621535036,13.0,26.0,0.5909090909090909
P1-n4,D-mismatch,9,20260237,coupled,0.1,0.6837035340442644,0.6325929319114711,0.4630847646282648,13.0,27.0,0.6136363636363636
P1-n4,D-mismatch,9,20260237,coupled,0.3,0.6489884679396203,0.7020230641207595,0.6230681320802789,13.0,30.0,0.6818181818181818
P1-n4,D-mismatch,9,20260237,coupled,0.5,0.6140554979566868,0.7718890040866265,0.7869459773379249,13.0,32.0,0.7272727272727273
P1-n4,D-dependent,10,20260238,uncoupled,0.0,0.8011032079005205,0.39779358419895905,0.3723349184000244,7.0,18.0,0.4090909090909091
P1-n4,D-dependent,10,20260238,coupled,0.1,0.8102407037342513,0.3795185925314974,0.28182089834962076,10.0,23.0,0.5227272727272727
P1-n4,D-dependent,10,20260238,coupled,0.3,0.8181068948757375,0.36378621024852503,0.11169408264248742,6.0,23.0,0.5227272727272727
P1-n4,D-dependent,10,20260238,coupled,0.5,0.8263419637195569,0.3473160725608862,0.0,12.0,22.0,0.5
P1-n4,D-independent,10,20260238,uncoupled,0.0,0.7229838443934904,0.5540323112130192,0.0,10.0,18.0,0.4090909090909091
P1-n4,D-independent,10,20260238,coupled,0.1,0.7229838443934904,0.5540323112130192,0.0,10.0,18.0,0.4090909090909091
P1-n4,D-independent,10,20260238,coupled,0.3,0.7229838443934904,0.5540323112130192,0.0,10.0,18.0,0.4090909090909091
P1-n4,D-independent,10,20260238,coupled,0.5,0.7229838443934904,0.5540323112130192,0.0,10.0,18.0,0.4090909090909091
P1-n4,D-mismatch,10,20260238,uncoupled,0.0,0.8011032079005205,0.39779358419895905,0.3723349184000244,7.0,18.0,0.4090909090909091
P1-n4,D-mismatch,10,20260238,coupled,0.1,0.790696831504942,0.418606336990116,0.4460409785746738,7.0,18.0,0.4090909090909091
P1-n4,D-mismatch,10,20260238,coupled,0.3,0.7583581686621933,0.4832836626756134,0.5835602095657535,7.0,15.0,0.3409090909090909
P1-n4,D-mismatch,10,20260238,coupled,0.5,0.7187346500242369,0.5625306999515262,0.7167334202464102,13.0,11.0,0.25
P1-n4,D-dependent,11,20260239,uncoupled,0.0,0.8981897007286933,0.2036205985426134,0.1783281264478369,4.0,28.0,0.6363636363636364
P1-n4,D-dependent,11,20260239,coupled,0.1,0.8954683314768017,0.20906333704639649,0.1393977252597722,4.0,28.0,0.6363636363636364
P1-n4,D-dependent,11,20260239,coupled,0.3,0.8830630775753607,0.2338738448492785,0.061572657779895845,3.0,26.0,0.5909090909090909
P1-n4,D-dependent,11,20260239,coupled,0.5,0.8640476799358773,0.27190464012824545,0.0,3.0,25.0,0.5681818181818182
P1-n4,D-independent,11,20260239,uncoupled,0.0,0.8675863176603773,0.2648273646792455,0.0,7.0,28.0,0.6363636363636364
P1-n4,D-independent,11,20260239,coupled,0.1,0.8675863176603773,0.2648273646792455,0.0,7.0,28.0,0.6363636363636364
P1-n4,D-independent,11,20260239,coupled,0.3,0.8675863176603773,0.2648273646792455,0.0,7.0,28.0,0.6363636363636364
P1-n4,D-independent,11,20260239,coupled,0.5,0.8675863176603773,0.2648273646792455,0.0,7.0,28.0,0.6363636363636364
P1-n4,D-mismatch,11,20260239,uncoupled,0.0,0.8981897007286933,0.2036205985426134,0.1783281264478369,4.0,28.0,0.6363636363636364
P1-n4,D-mismatch,11,20260239,coupled,0.1,0.8966354928748832,0.20672901425023368,0.21717240476681954,4.0,28.0,0.6363636363636364
P1-n4,D-mismatch,11,20260239,coupled,0.3,0.8884144486813992,0.22317110263720152,0.29451279559962495,4.0,33.0,0.75
P1-n4,D-mismatch,11,20260239,coupled,0.5,0.8718863052609375,0.2562273894781251,0.3826809159094903,4.0,32.0,0.7272727272727273
P1-n4,D-dependent,12,20260240,uncoupled,0.0,0.7629406056863747,0.4741187886272506,0.14157637123005296,9.0,22.0,0.5
P1-n4,D-dependent,12,20260240,coupled,0.1,0.7734163487503304,0.4531673024993393,0.10914754271108999,9.0,24.0,0.5454545454545454
P1-n4,D-dependent,12,20260240,coupled,0.3,0.7809871518773038,0.4380256962453923,0.08063621368878279,9.0,21.0,0.4772727272727273
P1-n4,D-dependent,12,20260240,coupled,0.5,0.7674059542887629,0.46518809142247425,0.0,9.0,22.0,0.5
P1-n4,D-independent,12,20260240,uncoupled,0.0,0.7554142082789905,0.48917158344201894,0.0,9.0,22.0,0.5
P1-n4,D-independent,12,20260240,coupled,0.1,0.7554142082789905,0.48917158344201894,0.0,9.0,22.0,0.5
P1-n4,D-independent,12,20260240,coupled,0.3,0.7554142082789905,0.48917158344201894,0.0,9.0,22.0,0.5
P1-n4,D-independent,12,20260240,coupled,0.5,0.7554142082789905,0.48917158344201894,0.0,9.0,22.0,0.5
P1-n4,D-mismatch,12,20260240,uncoupled,0.0,0.7629406056863747,0.4741187886272506,0.14157637123005296,9.0,22.0,0.5
P1-n4,D-mismatch,12,20260240,coupled,0.1,0.7455097096283725,0.508980580743255,0.1792097243039998,10.0,24.0,0.5454545454545454
P1-n4,D-mismatch,12,20260240,coupled,0.3,0.704369253011343,0.5912614939773141,0.2752353754101975,13.0,23.0,0.5227272727272727
P1-n4,D-mismatch,12,20260240,coupled,0.5,0.658215679333954,0.6835686413320922,0.38330356396167176,13.0,24.0,0.5454545454545454
P1-n4,D-dependent,13,20260241,uncoupled,0.0,0.8364587009219464,0.32708259815610713,0.25277031059256744,9.0,22.0,0.5
P1-n4,D-dependent,13,20260241,coupled,0.1,0.8454055314769353,0.3091889370461293,0.2077293969077559,9.0,22.0,0.5
P1-n4,D-dependent,13,20260241,coupled,0.3,0.8459661638886556,0.3080676722226887,0.11704228797653524,6.0,24.0,0.5454545454545454
P1-n4,D-dependent,13,20260241,coupled,0.5,0.8308498430890772,0.33830031382184567,0.0,6.0,23.0,0.5227272727272727
P1-n4,D-independent,13,20260241,uncoupled,0.0,0.8341507998285363,0.33169840034292736,0.0,6.0,22.0,0.5
P1-n4,D-independent,13,20260241,coupled,0.1,0.8341507998285363,0.33169840034292736,0.0,6.0,22.0,0.5
P1-n4,D-independent,13,20260241,coupled,0.3,0.8341507998285363,0.33169840034292736,0.0,6.0,22.0,0.5
P1-n4,D-independent,13,20260241,coupled,0.5,0.8341507998285363,0.33169840034292736,0.0,6.0,22.0,0.5
P1-n4,D-mismatch,13,20260241,uncoupled,0.0,0.8364587009219464,0.32708259815610713,0.25277031059256744,9.0,22.0,0.5
P1-n4,D-mismatch,13,20260241,coupled,0.1,0.8207988842667608,0.35840223146647826,0.2997987328689291,9.0,22.0,0.5
P1-n4,D-mismatch,13,20260241,coupled,0.3,0.7815961728975835,0.4368076542048329,0.4020511669310316,10.0,23.0,0.5227272727272727
P1-n4,D-mismatch,13,20260241,coupled,0.5,0.7396231692628217,0.5207536614743565,0.5193260616667269,13.0,20.0,0.45454545454545453
P1-n4,D-dependent,14,20260242,uncoupled,0.0,0.6995157059730139,0.6009685880539721,0.19378661349968282,9.0,18.0,0.4090909090909091
P1-n4,D-dependent,14,20260242,coupled,0.1,0.7025908267722232,0.5948183464555535,0.18199964995661988,9.0,17.0,0.38636363636363635
P1-n4,D-dependent,14,20260242,coupled,0.3,0.6946500306634782,0.6106999386730437,0.10357309808449354,9.0,20.0,0.45454545454545453
P1-n4,D-dependent,14,20260242,coupled,0.5,0.6857247582015391,0.6285504835969217,0.0,9.0,21.0,0.4772727272727273
P1-n4,D-independent,14,20260242,uncoupled,0.0,0.6958086858599768,0.6083826282800463,0.0,9.0,18.0,0.4090909090909091
P1-n4,D-independent,14,20260242,coupled,0.1,0.6958086858599768,0.6083826282800463,0.0,9.0,18.0,0.4090909090909091
P1-n4,D-independent,14,20260242,coupled,0.3,0.6958086858599768,0.6083826282800463,0.0,9.0,18.0,0.4090909090909091
P1-n4,D-independent,14,20260242,coupled,0.5,0.6958086858599768,0.6083826282800463,0.0,9.0,18.0,0.4090909090909091
P1-n4,D-mismatch,14,20260242,uncoupled,0.0,0.6995157059730139,0.6009685880539721,0.19378661349968282,9.0,18.0,0.4090909090909091
P1-n4,D-mismatch,14,20260242,coupled,0.1,0.6900390118603932,0.6199219762792137,0.23973550144839323,9.0,15.0,0.3409090909090909
P1-n4,D-mismatch,14,20260242,coupled,0.3,0.6710814535456311,0.6578370929087377,0.3905268217778144,13.0,15.0,0.3409090909090909
P1-n4,D-mismatch,14,20260242,coupled,0.5,0.6520946884803245,0.6958106230393509,0.5072187070687207,13.0,23.0,0.5227272727272727
P2-n5,D-dependent,0,20261228,uncoupled,0.0,0.5766790936240191,0.8466418127519618,0.6555868770029706,13.0,30.0,0.5454545454545454
P2-n5,D-dependent,0,20261228,coupled,0.1,0.6136573517042889,0.7726852965914223,0.5377137735822729,13.0,33.0,0.6
P2-n5,D-dependent,0,20261228,coupled,0.3,0.6950474817116213,0.6099050365767573,0.27867354086490354,13.0,31.0,0.5636363636363636
P2-n5,D-dependent,0,20261228,coupled,0.5,0.7805224074626765,0.4389551850746469,0.0,12.0,30.0,0.5454545454545454
P2-n5,D-independent,0,20261228,uncoupled,0.0,0.7984387028564375,0.403122594287125,0.0,11.0,30.0,0.5454545454545454
P2-n5,D-independent,0,20261228,coupled,0.1,0.7984387028564375,0.403122594287125,0.0,11.0,30.0,0.5454545454545454
P2-n5,D-independent,0,20261228,coupled,0.3,0.7984387028564375,0.403122594287125,0.0,11.0,30.0,0.5454545454545454
P2-n5,D-independent,0,20261228,coupled,0.5,0.7984387028564375,0.403122594287125,0.0,11.0,30.0,0.5454545454545454
P2-n5,D-mismatch,0,20261228,uncoupled,0.0,0.5766790936240191,0.8466418127519618,0.6555868770029706,13.0,30.0,0.5454545454545454
P2-n5,D-mismatch,0,20261228,coupled,0.1,0.5503007685124195,0.899398462975161,0.720071538410489,13.0,28.0,0.509090909090909
P2-n5,D-mismatch,0,20261228,coupled,0.3,0.5046355299183474,0.9907289401633051,0.8252296088493786,13.0,27.0,0.4909090909090909
P2-n5,D-mismatch,0,20261228,coupled,0.5,0.4646850559672272,1.0706298880655456,0.9085695254894409,13.0,25.0,0.45454545454545453
P2-n5,D-dependent,1,20261229,uncoupled,0.0,0.6993661241013331,0.6012677517973336,0.16017025749601294,10.0,22.0,0.4
P2-n5,D-dependent,1,20261229,coupled,0.1,0.709440302596809,0.5811193948063819,0.13709997981205885,10.0,19.0,0.34545454545454546
P2-n5,D-dependent,1,20261229,coupled,0.3,0.7293108771410051,0.5413782457179899,0.07796135808515768,10.0,19.0,0.34545454545454546
P2-n5,D-dependent,1,20261229,coupled,0.5,0.7428024487746678,0.5143951024506644,0.0,9.0,23.0,0.41818181818181815
P2-n5,D-independent,1,20261229,uncoupled,0.0,0.7288301129362573,0.5423397741274852,0.0,10.0,22.0,0.4
P2-n5,D-independent,1,20261229,coupled,0.1,0.7288301129362573,0.5423397741274852,0.0,10.0,22.0,0.4
P2-n5,D-independent,1,20261229,coupled,0.3,0.7288301129362573,0.5423397741274852,0.0,10.0,22.0,0.4
P2-n5,D-independent,1,20261229,coupled,0.5,0.7288301129362573,0.5423397741274852,0.0,10.0,22.0,0.4
P2-n5,D-mismatch,1,20261229,uncoupled,0.0,0.6993661241013331,0.6012677517973336,0.16017025749601294,10.0,22.0,0.4
P2-n5,D-mismatch,1,20261229,coupled,0.1,0.6713237707905253,0.6573524584189493,0.2720002152124899,10.0,24.0,0.43636363636363634
P2-n5,D-mismatch,1,20261229,coupled,0.3,0.6115752034964541,0.7768495930070919,0.48877816757789466,13.0,25.0,0.45454545454545453
P2-n5,D-mismatch,1,20261229,coupled,0.5,0.554548204998536,0.8909035900029282,0.6743938635607344,13.0,31.0,0.5636363636363636
P2-n5,D-dependent,2,20261230,uncoupled,0.0,0.784384838736042,0.431230322527916,0.503772112237789,13.0,27.0,0.4909090909090909
P2-n5,D-dependent,2,20261230,coupled,0.1,0.7973019064283835,0.405396187143233,0.419179194504958,3.0,27.0,0.4909090909090909
P2-n5,D-dependent,2,20261230,coupled,0.3,0.7950277439629507,0.4099445120740986,0.22475151212789796,3.0,30.0,0.5454545454545454
P2-n5,D-dependent,2,20261230,coupled,0.5,0.7727867939736299,0.4544264120527402,0.0,11.0,30.0,0.5454545454545454
P2-n5,D-independent,2,20261230,uncoupled,0.0,0.8314064940260711,0.3371870119478577,0.0,8.0,27.0,0.4909090909090909
P2-n5,D-independent,2,20261230,coupled,0.1,0.8314064940260711,0.3371870119478577,0.0,8.0,27.0,0.4909090909090909
P2-n5,D-independent,2,20261230,coupled,0.3,0.8314064940260711,0.3371870119478577,0.0,8.0,27.0,0.4909090909090909
P2-n5,D-independent,2,20261230,coupled,0.5,0.8314064940260711,0.3371870119478577,0.0,8.0,27.0,0.4909090909090909
P2-n5,D-mismatch,2,20261230,uncoupled,0.0,0.784384838736042,0.431230322527916,0.503772112237789,13.0,27.0,0.4909090909090909
P2-n5,D-mismatch,2,20261230,coupled,0.1,0.7678120834754403,0.4643758330491195,0.5704165253110278,13.0,28.0,0.509090909090909
P2-n5,D-mismatch,2,20261230,coupled,0.3,0.740869982627262,0.5182600347454759,0.6353143312614916,13.0,20.0,0.36363636363636365
P2-n5,D-mismatch,2,20261230,coupled,0.5,0.721729307841829,0.5565413843163421,0.6328559474158552,13.0,26.0,0.4727272727272727
P2-n5,D-dependent,3,20261231,uncoupled,0.0,0.8041990414971523,0.3916019170056955,0.14456142385298806,6.0,26.0,0.4727272727272727
P2-n5,D-dependent,3,20261231,coupled,0.1,0.8170809912421075,0.365838017515785,0.09647761017944446,6.0,28.0,0.509090909090909
P2-n5,D-dependent,3,20261231,coupled,0.3,0.8308339537425089,0.33833209251498225,0.050757096572725036,6.0,27.0,0.4909090909090909
P2-n5,D-dependent,3,20261231,coupled,0.5,0.8226289660378128,0.3547420679243744,0.0,6.0,27.0,0.4909090909090909
P2-n5,D-independent,3,20261231,uncoupled,0.0,0.8347888179442474,0.3304223641115051,0.0,6.0,26.0,0.4727272727272727
P2-n5,D-independent,3,20261231,coupled,0.1,0.8347888179442474,0.3304223641115051,0.0,6.0,26.0,0.4727272727272727
P2-n5,D-independent,3,20261231,coupled,0.3,0.8347888179442474,0.3304223641115051,0.0,6.0,26.0,0.4727272727272727
P2-n5,D-independent,3,20261231,coupled,0.5,0.8347888179442474,0.3304223641115051,0.0,6.0,26.0,0.4727272727272727
P2-n5,D-mismatch,3,20261231,uncoupled,0.0,0.8041990414971523,0.3916019170056955,0.14456142385298806,6.0,26.0,0.4727272727272727
P2-n5,D-mismatch,3,20261231,coupled,0.1,0.7887848357165113,0.4224303285669775,0.20151259212988998,12.0,26.0,0.4727272727272727
P2-n5,D-mismatch,3,20261231,coupled,0.3,0.7551979754123611,0.4896040491752777,0.3347399379029402,13.0,24.0,0.43636363636363634
P2-n5,D-mismatch,3,20261231,coupled,0.5,0.7166244511120752,0.5667510977758498,0.48623725983400334,13.0,22.0,0.4
P2-n5,D-dependent,4,20261232,uncoupled,0.0,0.8665443562473629,0.2669112875052742,0.26913407017916696,1.0,27.0,0.4909090909090909
P2-n5,D-dependent,4,20261232,coupled,0.1,0.8755915656354302,0.24881686872913966,0.2213117585460075,1.0,27.0,0.4909090909090909
P2-n5,D-dependent,4,20261232,coupled,0.3,0.8764930882854582,0.24701382342908362,0.11714778113401605,1.0,35.0,0.6363636363636364
P2-n5,D-dependent,4,20261232,coupled,0.5,0.8673111792289586,0.2653776415420828,0.0,2.0,34.0,0.6181818181818182
P2-n5,D-independent,4,20261232,uncoupled,0.0,0.899183218183085,0.20163356363383003,0.0,2.0,27.0,0.4909090909090909
P2-n5,D-independent,4,20261232,coupled,0.1,0.899183218183085,0.20163356363383003,0.0,2.0,27.0,0.4909090909090909
P2-n5,D-independent,4,20261232,coupled,0.3,0.899183218183085,0.20163356363383003,0.0,2.0,27.0,0.4909090909090909
P2-n5,D-independent,4,20261232,coupled,0.5,0.899183218183085,0.20163356363383003,0.0,2.0,27.0,0.4909090909090909
P2-n5,D-mismatch,4,20261232,uncoupled,0.0,0.8665443562473629,0.2669112875052742,0.26913407017916696,1.0,27.0,0.4909090909090909
P2-n5,D-mismatch,4,20261232,coupled,0.1,0.8574899918029368,0.2850200163941264,0.31456923822535543,1.0,27.0,0.4909090909090909
P2-n5,D-mismatch,4,20261232,coupled,0.3,0.8336731176959354,0.3326537646081292,0.399470065499615,1.0,21.0,0.38181818181818183
P2-n5,D-mismatch,4,20261232,coupled,0.5,0.8084637589650702,0.38307248206985967,0.47809971334248175,6.0,21.0,0.38181818181818183
P2-n5,D-dependent,5,20261233,uncoupled,0.0,0.862276759304301,0.275446481391398,0.2054630534964469,4.0,29.0,0.5272727272727272
P2-n5,D-dependent,5,20261233,coupled,0.1,0.8739436615338813,0.25211267693223743,0.1614515985829267,4.0,31.0,0.5636363636363636
P2-n5,D-dependent,5,20261233,coupled,0.3,0.8843582362663442,0.23128352746731154,0.07817315397526653,4.0,30.0,0.5454545454545454
P2-n5,D-dependent,5,20261233,coupled,0.5,0.8855549835130279,0.2288900329739444,0.0,2.0,32.0,0.5818181818181818
P2-n5,D-independent,5,20261233,uncoupled,0.0,0.8710695774059373,0.2578608451881254,0.0,5.0,29.0,0.5272727272727272
P2-n5,D-independent,5,20261233,coupled,0.1,0.8710695774059373,0.2578608451881254,0.0,5.0,29.0,0.5272727272727272
P2-n5,D-independent,5,20261233,coupled,0.3,0.8710695774059373,0.2578608451881254,0.0,5.0,29.0,0.5272727272727272
P2-n5,D-independent,5,20261233,coupled,0.5,0.8710695774059373,0.2578608451881254,0.0,5.0,29.0,0.5272727272727272
P2-n5,D-mismatch,5,20261233,uncoupled,0.0,0.862276759304301,0.275446481391398,0.2054630534964469,4.0,29.0,0.5272727272727272
P2-n5,D-mismatch,5,20261233,coupled,0.1,0.8462423777112305,0.307515244577539,0.25134736719158957,4.0,31.0,0.5636363636363636
P2-n5,D-mismatch,5,20261233,coupled,0.3,0.8050306251370147,0.3899387497259705,0.3498015438414224,4.0,27.0,0.4909090909090909
P2-n5,D-mismatch,5,20261233,coupled,0.5,0.7635918783489326,0.47281624330213473,0.44162682938414943,5.0,27.0,0.4909090909090909
P2-n5,D-dependent,6,20261234,uncoupled,0.0,0.6777135403051231,0.6445729193897537,0.38045597093798766,13.0,28.0,0.509090909090909
P2-n5,D-dependent,6,20261234,coupled,0.1,0.6991884278212683,0.6016231443574634,0.30529001514052084,13.0,27.0,0.4909090909090909
P2-n5,D-dependent,6,20261234,coupled,0.3,0.74365001536535,0.5126999692692998,0.13369904455256787,9.0,26.0,0.4727272727272727
P2-n5,D-dependent,6,20261234,coupled,0.5,0.7663797179532432,0.46724056409351356,0.0,7.0,28.0,0.509090909090909
P2-n5,D-independent,6,20261234,uncoupled,0.0,0.8332159554039215,0.33356808919215714,0.0,8.0,28.0,0.509090909090909
P2-n5,D-independent,6,20261234,coupled,0.1,0.8332159554039215,0.33356808919215714,0.0,8.0,28.0,0.509090909090909
P2-n5,D-independent,6,20261234,coupled,0.3,0.8332159554039215,0.33356808919215714,0.0,8.0,28.0,0.509090909090909
P2-n5,D-independent,6,20261234,coupled,0.5,0.8332159554039215,0.33356808919215714,0.0,8.0,28.0,0.509090909090909
P2-n5,D-mismatch,6,20261234,uncoupled,0.0,0.6777135403051231,0.6445729193897537,0.38045597093798766,13.0,28.0,0.509090909090909
P2-n5,D-mismatch,6,20261234,coupled,0.1,0.6564910436987685,0.6870179126024629,0.45718912790576793,13.0,28.0,0.509090909090909
P2-n5,D-mismatch,6,20261234,coupled,0.3,0.6164618413559637,0.7670763172880725,0.5885940186752313,13.0,26.0,0.4727272727272727
P2-n5,D-mismatch,6,20261234,coupled,0.5,0.5775813950823998,0.8448372098352005,0.7094758627325501,13.0,27.0,0.4909090909090909
P2-n5,D-dependent,7,20261235,uncoupled,0.0,0.7541490951384038,0.4917018097231924,0.19677262741081286,11.0,31.0,0.5636363636363636
P2-n5,D-dependent,7,20261235,coupled,0.1,0.769275299281875,0.46144940143624996,0.14259806221178664,11.0,29.0,0.5272727272727272
P2-n5,D-dependent,7,20261235,coupled,0.3,0.7788066393949467,0.44238672121010664,0.07760608607130397,11.0,33.0,0.6
P2-n5,D-dependent,7,20261235,coupled,0.5,0.7781160780930972,0.4437678438138056,0.0,11.0,33.0,0.6
P2-n5,D-independent,7,20261235,uncoupled,0.0,0.771100102211804,0.457799795576392,0.0,11.0,31.0,0.5636363636363636
P2-n5,D-independent,7,20261235,coupled,0.1,0.771100102211804,0.457799795576392,0.0,11.0,31.0,0.5636363636363636
P2-n5,D-independent,7,20261235,coupled,0.3,0.771100102211804,0.457799795576392,0.0,11.0,31.0,0.5636363636363636
P2-n5,D-independent,7,20261235,coupled,0.5,0.771100102211804,0.457799795576392,0.0,11.0,31.0,0.5636363636363636
P2-n5,D-mismatch,7,20261235,uncoupled,0.0,0.7541490951384038,0.4917018097231924,0.19677262741081286,11.0,31.0,0.5636363636363636
P2-n5,D-mismatch,7,20261235,coupled,0.1,0.7365773091247028,0.5268453817505944,0.25186157564836187,11.0,29.0,0.5272727272727272
P2-n5,D-mismatch,7,20261235,coupled,0.3,0.7028194123426272,0.5943611753147455,0.3567107952940476,13.0,28.0,0.509090909090909
P2-n5,D-mismatch,7,20261235,coupled,0.5,0.6700582464755633,0.6598835070488734,0.4550778251848054,13.0,27.0,0.4909090909090909
P2-n5,D-dependent,8,20261236,uncoupled,0.0,0.6847147271607013,0.6305705456785976,0.3524974194389416,13.0,23.0,0.41818181818181815
P2-n5,D-dependent,8,20261236,coupled,0.1,0.6847233818239464,0.6305532363521072,0.2792499733794064,13.0,21.0,0.38181818181818183
P2-n5,D-dependent,8,20261236,coupled,0.3,0.6791300559838607,0.6417398880322785,0.14840075308763628,12.0,25.0,0.45454545454545453
P2-n5,D-dependent,8,20261236,coupled,0.5,0.668857226895345,0.66228554620931,0.0,11.0,23.0,0.41818181818181815
P2-n5,D-independent,8,20261236,uncoupled,0.0,0.6595077133856897,0.6809845732286206,0.0,11.0,23.0,0.41818181818181815
P2-n5,D-independent,8,20261236,coupled,0.1,0.6595077133856897,0.6809845732286206,0.0,11.0,23.0,0.41818181818181815
P2-n5,D-independent,8,20261236,coupled,0.3,0.6595077133856897,0.6809845732286206,0.0,11.0,23.0,0.41818181818181815
P2-n5,D-independent,8,20261236,coupled,0.5,0.6595077133856897,0.6809845732286206,0.0,11.0,23.0,0.41818181818181815
P2-n5,D-mismatch,8,20261236,uncoupled,0.0,0.6847147271607013,0.6305705456785976,0.3524974194389416,13.0,23.0,0.41818181818181815
P2-n5,D-mismatch,8,20261236,coupled,0.1,0.685001360859441,0.629997278281118,0.4280547906663578,13.0,23.0,0.41818181818181815
P2-n5,D-mismatch,8,20261236,coupled,0.3,0.68460877863301,0.63078244273398,0.5087119458845818,13.0,18.0,0.32727272727272727
P2-n5,D-mismatch,8,20261236,coupled,0.5,0.6802207649087507,0.6395584701824986,0.5692449963524858,13.0,18.0,0.32727272727272727
P2-n5,D-dependent,9,20261237,uncoupled,0.0,0.7714859094661556,0.4570281810676888,0.33120212470082383,13.0,35.0,0.6363636363636364
P2-n5,D-dependent,9,20261237,coupled,0.1,0.7876080413172616,0.4247839173654769,0.2591160017139382,13.0,35.0,0.6363636363636364
P2-n5,D-dependent,9,20261237,coupled,0.3,0.8173027375557788,0.3653945248884425,0.11082197981274856,7.0,34.0,0.6181818181818182
P2-n5,D-dependent,9,20261237,coupled,0.5,0.8436583593394922,0.3126832813210157,0.0,7.0,33.0,0.6
P2-n5,D-independent,9,20261237,uncoupled,0.0,0.8838736716091742,0.23225265678165166,0.0,2.0,35.0,0.6363636363636364
P2-n5,D-independent,9,20261237,coupled,0.1,0.8838736716091742,0.23225265678165166,0.0,2.0,35.0,0.6363636363636364
P2-n5,D-independent,9,20261237,coupled,0.3,0.8838736716091742,0.23225265678165166,0.0,2.0,35.0,0.6363636363636364
P2-n5,D-independent,9,20261237,coupled,0.5,0.8838736716091742,0.23225265678165166,0.0,2.0,35.0,0.6363636363636364
P2-n5,D-mismatch,9,20261237,uncoupled,0.0,0.7714859094661556,0.4570281810676888,0.33120212470082383,13.0,35.0,0.6363636363636364
P2-n5,D-mismatch,9,20261237,coupled,0.1,0.7540964176876,0.49180716462479984,0.39535173998382067,13.0,33.0,0.6
P2-n5,D-mismatch,9,20261237,coupled,0.3,0.7188935819483451,0.5622128361033097,0.5140223514772131,13.0,32.0,0.5818181818181818
P2-n5,D-mismatch,9,20261237,coupled,0.5,0.6824176602488012,0.6351646795023976,0.6204117601409505,13.0,33.0,0.6
P2-n5,D-dependent,10,20261238,uncoupled,0.0,0.7711058620509389,0.4577882758981222,0.3606920869485475,13.0,25.0,0.45454545454545453
P2-n5,D-dependent,10,20261238,coupled,0.1,0.7879522249862492,0.42409555002750166,0.29702467815043143,11.0,25.0,0.45454545454545453
P2-n5,D-dependent,10,20261238,coupled,0.3,0.8144549488309752,0.37109010233804957,0.1455809371545906,6.0,25.0,0.45454545454545453
P2-n5,D-dependent,10,20261238,coupled,0.5,0.8280486928004336,0.34390261439913283,0.0,6.0,26.0,0.4727272727272727
P2-n5,D-independent,10,20261238,uncoupled,0.0,0.8748256414460023,0.2503487171079954,0.0,6.0,25.0,0.45454545454545453
P2-n5,D-independent,10,20261238,coupled,0.1,0.8748256414460023,0.2503487171079954,0.0,6.0,25.0,0.45454545454545453
P2-n5,D-independent,10,20261238,coupled,0.3,0.8748256414460023,0.2503487171079954,0.0,6.0,25.0,0.45454545454545453
P2-n5,D-independent,10,20261238,coupled,0.5,0.8748256414460023,0.2503487171079954,0.0,6.0,25.0,0.45454545454545453
P2-n5,D-mismatch,10,20261238,uncoupled,0.0,0.7711058620509389,0.4577882758981222,0.3606920869485475,13.0,25.0,0.45454545454545453
P2-n5,D-mismatch,10,20261238,coupled,0.1,0.7535151926883997,0.4929696146232005,0.41769122983169094,13.0,25.0,0.45454545454545453
P2-n5,D-mismatch,10,20261238,coupled,0.3,0.7145164093823644,0.5709671812352713,0.5145823979631459,13.0,30.0,0.5454545454545454
P2-n5,D-mismatch,10,20261238,coupled,0.5,0.6787714744372499,0.6424570511255001,0.6161762720497633,13.0,29.0,0.5272727272727272
P2-n5,D-dependent,11,20261239,uncoupled,0.0,0.8192657597578624,0.36146848048427516,0.29241675677801904,2.0,31.0,0.5636363636363636
P2-n5,D-dependent,11,20261239,coupled,0.1,0.8400473086592312,0.3199053826815376,0.22392034848476122,2.0,33.0,0.6
P2-n5,D-dependent,11,20261239,coupled,0.3,0.8613781141787026,0.2772437716425949,0.10302772668491036,2.0,33.0,0.6
P2-n5,D-dependent,11,20261239,coupled,0.5,0.8624173284451598,0.2751653431096803,0.0,2.0,31.0,0.5636363636363636
P2-n5,D-independent,11,20261239,uncoupled,0.0,0.8922217430831123,0.21555651383377547,0.0,2.0,31.0,0.5636363636363636
P2-n5,D-independent,11,20261239,coupled,0.1,0.8922217430831123,0.21555651383377547,0.0,2.0,31.0,0.5636363636363636
P2-n5,D-independent,11,20261239,coupled,0.3,0.8922217430831123,0.21555651383377547,0.0,2.0,31.0,0.5636363636363636
P2-n5,D-independent,11,20261239,coupled,0.5,0.8922217430831123,0.21555651383377547,0.0,2.0,31.0,0.5636363636363636
P2-n5,D-mismatch,11,20261239,uncoupled,0.0,0.8192657597578624,0.36146848048427516,0.29241675677801904,2.0,31.0,0.5636363636363636
P2-n5,D-mismatch,11,20261239,coupled,0.1,0.7956203593845939,0.40875928123081223,0.35357856558468703,2.0,31.0,0.5636363636363636
P2-n5,D-mismatch,11,20261239,coupled,0.3,0.7427162750637051,0.5145674498725897,0.47684578695988206,13.0,32.0,0.5818181818181818
P2-n5,D-mismatch,11,20261239,coupled,0.5,0.7157450255211073,0.5685099489577855,0.5328367969643755,13.0,33.0,0.6
P2-n5,D-dependent,12,20261240,uncoupled,0.0,0.7228159351296795,0.5543681297406412,0.2633847952251049,13.0,29.0,0.5272727272727272
P2-n5,D-dependent,12,20261240,coupled,0.1,0.7462847833864286,0.5074304332271428,0.2096074596856692,10.0,27.0,0.4909090909090909
P2-n5,D-dependent,12,20261240,coupled,0.3,0.783446427215334,0.43310714556933205,0.12956838543780988,10.0,22.0,0.4
P2-n5,D-dependent,12,20261240,coupled,0.5,0.8206556438611572,0.3586887122776856,0.0,8.0,24.0,0.43636363636363634
P2-n5,D-independent,12,20261240,uncoupled,0.0,0.8222252225451893,0.3555495549096215,0.0,8.0,29.0,0.5272727272727272
P2-n5,D-independent,12,20261240,coupled,0.1,0.8222252225451893,0.3555495549096215,0.0,8.0,29.0,0.5272727272727272
P2-n5,D-independent,12,20261240,coupled,0.3,0.8222252225451893,0.3555495549096215,0.0,8.0,29.0,0.5272727272727272
P2-n5,D-independent,12,20261240,coupled,0.5,0.8222252225451893,0.3555495549096215,0.0,8.0,29.0,0.5272727272727272
P2-n5,D-mismatch,12,20261240,uncoupled,0.0,0.7228159351296795,0.5543681297406412,0.2633847952251049,13.0,29.0,0.5272727272727272
P2-n5,D-mismatch,12,20261240,coupled,0.1,0.7035488125202538,0.5929023749594923,0.3088591108749671,13.0,30.0,0.5454545454545454
P2-n5,D-mismatch,12,20261240,coupled,0.3,0.6576578620517506,0.6846842758964988,0.4264383475631345,13.0,31.0,0.5636363636363636
P2-n5,D-mismatch,12,20261240,coupled,0.5,0.6071425837072102,0.7857148325855796,0.5867318096063426,13.0,31.0,0.5636363636363636
P2-n5,D-dependent,13,20261241,uncoupled,0.0,0.7330759619782972,0.5338480760434058,0.3855703518867692,13.0,28.0,0.509090909090909
P2-n5,D-dependent,13,20261241,coupled,0.1,0.7435521428017176,0.5128957143965649,0.3194695544018702,13.0,30.0,0.5454545454545454
P2-n5,D-dependent,13,20261241,coupled,0.3,0.7667042264714883,0.4665915470570234,0.16824547637521498,12.0,32.0,0.5818181818181818
P2-n5,D-dependent,13,20261241,coupled,0.5,0.7752876253973916,0.44942474920521686,0.0,11.0,32.0,0.5818181818181818
P2-n5,D-independent,13,20261241,uncoupled,0.0,0.8188388666072235,0.362322266785553,0.0,9.0,28.0,0.509090909090909
P2-n5,D-independent,13,20261241,coupled,0.1,0.8188388666072235,0.362322266785553,0.0,9.0,28.0,0.509090909090909
P2-n5,D-independent,13,20261241,coupled,0.3,0.8188388666072235,0.362322266785553,0.0,9.0,28.0,0.509090909090909
P2-n5,D-independent,13,20261241,coupled,0.5,0.8188388666072235,0.362322266785553,0.0,9.0,28.0,0.509090909090909
P2-n5,D-mismatch,13,20261241,uncoupled,0.0,0.7330759619782972,0.5338480760434058,0.3855703518867692,13.0,28.0,0.509090909090909
P2-n5,D-mismatch,13,20261241,coupled,0.1,0.7302792095737463,0.5394415808525076,0.4205327006710698,13.0,28.0,0.509090909090909
P2-n5,D-mismatch,13,20261241,coupled,0.3,0.712239869033578,0.5755202619328439,0.5216094214354525,13.0,28.0,0.509090909090909
P2-n5,D-mismatch,13,20261241,coupled,0.5,0.6965879301891118,0.6068241396217763,0.5621474232548059,13.0,30.0,0.5454545454545454
P2-n5,D-dependent,14,20261242,uncoupled,0.0,0.7664451940129653,0.4671096119740694,0.22182030959702015,12.0,32.0,0.5818181818181818
P2-n5,D-dependent,14,20261242,coupled,0.1,0.7760788575788611,0.44784228484227784,0.158381097273311,9.0,32.0,0.5818181818181818
P2-n5,D-dependent,14,20261242,coupled,0.3,0.790659659736589,0.4186806805268219,0.08024357931247181,9.0,26.0,0.4727272727272727
P2-n5,D-dependent,14,20261242,coupled,0.5,0.7977968530476698,0.40440629390466043,0.0,8.0,24.0,0.43636363636363634
P2-n5,D-independent,14,20261242,uncoupled,0.0,0.8086444250021112,0.3827111499957776,0.0,9.0,32.0,0.5818181818181818
P2-n5,D-independent,14,20261242,coupled,0.1,0.8086444250021112,0.3827111499957776,0.0,9.0,32.0,0.5818181818181818
P2-n5,D-independent,14,20261242,coupled,0.3,0.8086444250021112,0.3827111499957776,0.0,9.0,32.0,0.5818181818181818
P2-n5,D-independent,14,20261242,coupled,0.5,0.8086444250021112,0.3827111499957776,0.0,9.0,32.0,0.5818181818181818
P2-n5,D-mismatch,14,20261242,uncoupled,0.0,0.7664451940129653,0.4671096119740694,0.22182030959702015,12.0,32.0,0.5818181818181818
P2-n5,D-mismatch,14,20261242,coupled,0.1,0.7565055003955643,0.4869889992088714,0.28363828577912176,13.0,32.0,0.5818181818181818
P2-n5,D-mismatch,14,20261242,coupled,0.3,0.7358506106271843,0.5282987787456314,0.4033710452352601,13.0,32.0,0.5818181818181818
P2-n5,D-mismatch,14,20261242,coupled,0.5,0.7109592133844886,0.5780815732310228,0.519099323243718,13.0,30.0,0.5454545454545454
P3-n6,D-dependent,0,20262228,uncoupled,0.0,0.7627105375537405,0.4745789248925189,0.41194922702000975,13.0,34.0,0.5151515151515151
P3-n6,D-dependent,0,20262228,coupled,0.1,0.7697039419590657,0.4605921160818687,0.32135167541528653,13.0,36.0,0.5454545454545454
P3-n6,D-dependent,0,20262228,coupled,0.3,0.7769622511911777,0.44607549761764465,0.16736005411533358,12.0,33.0,0.5
P3-n6,D-dependent,0,20262228,coupled,0.5,0.7955822094894353,0.40883558102112943,0.0,11.0,34.0,0.5151515151515151
P3-n6,D-independent,0,20262228,uncoupled,0.0,0.7693976997580724,0.46120460048385525,0.0,11.0,34.0,0.5151515151515151
P3-n6,D-independent,0,20262228,coupled,0.1,0.7693976997580724,0.46120460048385525,0.0,11.0,34.0,0.5151515151515151
P3-n6,D-independent,0,20262228,coupled,0.3,0.7693976997580724,0.46120460048385525,0.0,11.0,34.0,0.5151515151515151
P3-n6,D-independent,0,20262228,coupled,0.5,0.7693976997580724,0.46120460048385525,0.0,11.0,34.0,0.5151515151515151
P3-n6,D-mismatch,0,20262228,uncoupled,0.0,0.7627105375537405,0.4745789248925189,0.41194922702000975,13.0,34.0,0.5151515151515151
P3-n6,D-mismatch,0,20262228,coupled,0.1,0.7483814533071373,0.5032370933857253,0.5014336980925249,13.0,36.0,0.5454545454545454
P3-n6,D-mismatch,0,20262228,coupled,0.3,0.7178706509587188,0.5642586980825623,0.6864421596994743,13.0,29.0,0.4393939393939394
P3-n6,D-mismatch,0,20262228,coupled,0.5,0.6834429355937321,0.6331141288125356,0.8311083898529845,13.0,31.0,0.4696969696969697
P3-n6,D-dependent,1,20262229,uncoupled,0.0,0.828654181656983,0.34269163668603403,0.17321335951582928,4.0,28.0,0.42424242424242425
P3-n6,D-dependent,1,20262229,coupled,0.1,0.8330205493580303,0.33395890128393946,0.13522188715712943,4.0,28.0,0.42424242424242425
P3-n6,D-dependent,1,20262229,coupled,0.3,0.8361609617636445,0.3276780764727109,0.06446016648371795,4.0,25.0,0.3787878787878788
P3-n6,D-dependent,1,20262229,coupled,0.5,0.8300842413575665,0.339831517284867,0.0,4.0,24.0,0.36363636363636365
P3-n6,D-independent,1,20262229,uncoupled,0.0,0.8511233620676363,0.2977532758647274,0.0,8.0,28.0,0.42424242424242425
P3-n6,D-independent,1,20262229,coupled,0.1,0.8511233620676363,0.2977532758647274,0.0,8.0,28.0,0.42424242424242425
P3-n6,D-independent,1,20262229,coupled,0.3,0.8511233620676363,0.2977532758647274,0.0,8.0,28.0,0.42424242424242425
P3-n6,D-independent,1,20262229,coupled,0.5,0.8511233620676363,0.2977532758647274,0.0,8.0,28.0,0.42424242424242425
P3-n6,D-mismatch,1,20262229,uncoupled,0.0,0.828654181656983,0.34269163668603403,0.17321335951582928,4.0,28.0,0.42424242424242425
P3-n6,D-mismatch,1,20262229,coupled,0.1,0.8231352437250715,0.353729512549857,0.21311074838251765,4.0,28.0,0.42424242424242425
P3-n6,D-mismatch,1,20262229,coupled,0.3,0.8084691924809444,0.38306161503811115,0.2992340883055845,13.0,25.0,0.3787878787878788
P3-n6,D-mismatch,1,20262229,coupled,0.5,0.7886802466057307,0.4226395067885386,0.39503414128740205,13.0,26.0,0.3939393939393939
P3-n6,D-dependent,2,20262230,uncoupled,0.0,0.761150190540263,0.47769961891947393,0.22248747537862548,10.0,38.0,0.5757575757575758
P3-n6,D-dependent,2,20262230,coupled,0.1,0.7725955860000308,0.45480882799993855,0.17875950701575147,10.0,37.0,0.5606060606060606
P3-n6,D-dependent,2,20262230,coupled,0.3,0.7906085019396941,0.4187829961206117,0.09996194339814314,10.0,36.0,0.5454545454545454
P3-n6,D-dependent,2,20262230,coupled,0.5,0.8017881411134501,0.3964237177730998,0.0,10.0,36.0,0.5454545454545454
P3-n6,D-independent,2,20262230,uncoupled,0.0,0.8310162889103607,0.3379674221792786,0.0,9.0,38.0,0.5757575757575758
P3-n6,D-independent,2,20262230,coupled,0.1,0.8310162889103607,0.3379674221792786,0.0,9.0,38.0,0.5757575757575758
P3-n6,D-independent,2,20262230,coupled,0.3,0.8310162889103607,0.3379674221792786,0.0,9.0,38.0,0.5757575757575758
P3-n6,D-independent,2,20262230,coupled,0.5,0.8310162889103607,0.3379674221792786,0.0,9.0,38.0,0.5757575757575758
P3-n6,D-mismatch,2,20262230,uncoupled,0.0,0.761150190540263,0.47769961891947393,0.22248747537862548,10.0,38.0,0.5757575757575758
P3-n6,D-mismatch,2,20262230,coupled,0.1,0.7474942745761042,0.5050114508477918,0.2756631938647021,13.0,37.0,0.5606060606060606
P3-n6,D-mismatch,2,20262230,coupled,0.3,0.7202951249784484,0.5594097500431033,0.3824193155688317,13.0,42.0,0.6363636363636364
P3-n6,D-mismatch,2,20262230,coupled,0.5,0.688908261299258,0.622183477401484,0.48899457659736545,13.0,40.0,0.6060606060606061
P3-n6,D-dependent,3,20262231,uncoupled,0.0,0.6802760345959444,0.6394479308081112,0.4688471832611731,13.0,42.0,0.6363636363636364
P3-n6,D-dependent,3,20262231,coupled,0.1,0.6968964990804618,0.6062070018390763,0.37574143908716595,13.0,42.0,0.6363636363636364
P3-n6,D-dependent,3,20262231,coupled,0.3,0.7257736714726559,0.548452657054688,0.18892041573373608,12.0,40.0,0.6060606060606061
P3-n6,D-dependent,3,20262231,coupled,0.5,0.7489384976008606,0.5021230047982788,0.0,12.0,36.0,0.5454545454545454
P3-n6,D-independent,3,20262231,uncoupled,0.0,0.7485110489408582,0.5029779021182837,0.0,11.0,42.0,0.6363636363636364
P3-n6,D-independent,3,20262231,coupled,0.1,0.7485110489408582,0.5029779021182837,0.0,11.0,42.0,0.6363636363636364
P3-n6,D-independent,3,20262231,coupled,0.3,0.7485110489408582,0.5029779021182837,0.0,11.0,42.0,0.6363636363636364
P3-n6,D-independent,3,20262231,coupled,0.5,0.7485110489408582,0.5029779021182837,0.0,11.0,42.0,0.6363636363636364
P3-n6,D-mismatch,3,20262231,uncoupled,0.0,0.6802760345959444,0.6394479308081112,0.4688471832611731,13.0,42.0,0.6363636363636364
P3-n6,D-mismatch,3,20262231,coupled,0.1,0.6637506395586001,0.6724987208827997,0.556857015742541,13.0,41.0,0.6212121212121212
P3-n6,D-mismatch,3,20262231,coupled,0.3,0.6368604291728315,0.7262791416543369,0.6619245969088018,13.0,42.0,0.6363636363636364
P3-n6,D-mismatch,3,20262231,coupled,0.5,0.6144992794024984,0.7710014411950034,0.7413642028258155,13.0,40.0,0.6060606060606061
P3-n6,D-dependent,4,20262232,uncoupled,0.0,0.7193522426046555,0.5612955147906892,0.3688263034088863,13.0,28.0,0.42424242424242425
P3-n6,D-dependent,4,20262232,coupled,0.1,0.7312773400068246,0.5374453199863508,0.3074078393793199,13.0,28.0,0.42424242424242425
P3-n6,D-dependent,4,20262232,coupled,0.3,0.7510614031111061,0.4978771937777877,0.1678038525074285,11.0,34.0,0.5151515151515151
P3-n6,D-dependent,4,20262232,coupled,0.5,0.7646911015296245,0.47061779694075095,0.0,11.0,36.0,0.5454545454545454
P3-n6,D-independent,4,20262232,uncoupled,0.0,0.8323447070964514,0.3353105858070972,0.0,10.0,28.0,0.42424242424242425
P3-n6,D-independent,4,20262232,coupled,0.1,0.8323447070964514,0.3353105858070972,0.0,10.0,28.0,0.42424242424242425
P3-n6,D-independent,4,20262232,coupled,0.3,0.8323447070964514,0.3353105858070972,0.0,10.0,28.0,0.42424242424242425
P3-n6,D-independent,4,20262232,coupled,0.5,0.8323447070964514,0.3353105858070972,0.0,10.0,28.0,0.42424242424242425
P3-n6,D-mismatch,4,20262232,uncoupled,0.0,0.7193522426046555,0.5612955147906892,0.3688263034088863,13.0,28.0,0.42424242424242425
P3-n6,D-mismatch,4,20262232,coupled,0.1,0.7065458909364889,0.5869082181270222,0.42705626545652026,13.0,28.0,0.42424242424242425
P3-n6,D-mismatch,4,20262232,coupled,0.3,0.679331097247464,0.6413378055050721,0.5382202338462918,13.0,40.0,0.6060606060606061
P3-n6,D-mismatch,4,20262232,coupled,0.5,0.6571563409027117,0.6856873181945766,0.5820055377712381,13.0,38.0,0.5757575757575758
P3-n6,D-dependent,5,20262233,uncoupled,0.0,0.8054756372649293,0.3890487254701414,0.19627822692278155,10.0,30.0,0.45454545454545453
P3-n6,D-dependent,5,20262233,coupled,0.1,0.8102970580250445,0.3794058839499111,0.15747686644488143,10.0,32.0,0.48484848484848486
P3-n6,D-dependent,5,20262233,coupled,0.3,0.7931631953456464,0.4136736093087072,0.11358214838064917,10.0,30.0,0.45454545454545453
P3-n6,D-dependent,5,20262233,coupled,0.5,0.7818383692379032,0.4363232615241937,0.0,10.0,28.0,0.42424242424242425
P3-n6,D-independent,5,20262233,uncoupled,0.0,0.7921092255137945,0.415781548972411,0.0,9.0,30.0,0.45454545454545453
P3-n6,D-independent,5,20262233,coupled,0.1,0.7921092255137945,0.415781548972411,0.0,9.0,30.0,0.45454545454545453
P3-n6,D-independent,5,20262233,coupled,0.3,0.7921092255137945,0.415781548972411,0.0,9.0,30.0,0.45454545454545453
P3-n6,D-independent,5,20262233,coupled,0.5,0.7921092255137945,0.415781548972411,0.0,9.0,30.0,0.45454545454545453
P3-n6,D-mismatch,5,20262233,uncoupled,0.0,0.8054756372649293,0.3890487254701414,0.19627822692278155,10.0,30.0,0.45454545454545453
P3-n6,D-mismatch,5,20262233,coupled,0.1,0.7973559396642202,0.40528812067155956,0.2462065328767979,10.0,28.0,0.42424242424242425
P3-n6,D-mismatch,5,20262233,coupled,0.3,0.7574457979818531,0.48510840403629385,0.35525461706962774,10.0,26.0,0.3939393939393939
P3-n6,D-mismatch,5,20262233,coupled,0.5,0.7176725285434296,0.564654942913141,0.5027159643191687,13.0,28.0,0.42424242424242425
P3-n6,D-dependent,6,20262234,uncoupled,0.0,0.7000146809528622,0.5999706380942754,0.6007139308421112,13.0,34.0,0.5151515151515151
P3-n6,D-dependent,6,20262234,coupled,0.1,0.728690730523153,0.5426185389536939,0.5048666863189416,13.0,35.0,0.5303030303030303
P3-n6,D-dependent,6,20262234,coupled,0.3,0.7757874323361953,0.4484251353276094,0.2819326067968725,9.0,37.0,0.5606060606060606
P3-n6,D-dependent,6,20262234,coupled,0.5,0.7857777163485999,0.4284445673028001,0.0,7.0,41.0,0.6212121212121212
P3-n6,D-independent,6,20262234,uncoupled,0.0,0.8014717987456971,0.3970564025086059,0.0,7.0,34.0,0.5151515151515151
P3-n6,D-independent,6,20262234,coupled,0.1,0.8014717987456971,0.3970564025086059,0.0,7.0,34.0,0.5151515151515151
P3-n6,D-independent,6,20262234,coupled,0.3,0.8014717987456971,0.3970564025086059,0.0,7.0,34.0,0.5151515151515151
P3-n6,D-independent,6,20262234,coupled,0.5,0.8014717987456971,0.3970564025086059,0.0,7.0,34.0,0.5151515151515151
P3-n6,D-mismatch,6,20262234,uncoupled,0.0,0.7000146809528622,0.5999706380942754,0.6007139308421112,13.0,34.0,0.5151515151515151
P3-n6,D-mismatch,6,20262234,coupled,0.1,0.673542376074381,0.6529152478512379,0.683090666649156,13.0,34.0,0.5151515151515151
P3-n6,D-mismatch,6,20262234,coupled,0.3,0.6453758944918713,0.7092482110162575,0.7532901706771088,13.0,35.0,0.5303030303030303
P3-n6,D-mismatch,6,20262234,coupled,0.5,0.6243687176656805,0.7512625646686392,0.797768538527924,13.0,33.0,0.5
P3-n6,D-dependent,7,20262235,uncoupled,0.0,0.7328930250777934,0.5342139498444131,0.2475572706540363,12.0,28.0,0.42424242424242425
P3-n6,D-dependent,7,20262235,coupled,0.1,0.7479684861312894,0.5040630277374213,0.1966615944218065,12.0,29.0,0.4393939393939394
P3-n6,D-dependent,7,20262235,coupled,0.3,0.7727885962660115,0.454422807467977,0.10201639665649566,11.0,30.0,0.45454545454545453
P3-n6,D-dependent,7,20262235,coupled,0.5,0.7908404402878185,0.418319119424363,0.0,11.0,27.0,0.4090909090909091
P3-n6,D-independent,7,20262235,uncoupled,0.0,0.7875670314803135,0.4248659370393731,0.0,11.0,28.0,0.42424242424242425
P3-n6,D-independent,7,20262235,coupled,0.1,0.7875670314803135,0.4248659370393731,0.0,11.0,28.0,0.42424242424242425
P3-n6,D-independent,7,20262235,coupled,0.3,0.7875670314803135,0.4248659370393731,0.0,11.0,28.0,0.42424242424242425
P3-n6,D-independent,7,20262235,coupled,0.5,0.7875670314803135,0.4248659370393731,0.0,11.0,28.0,0.42424242424242425
P3-n6,D-mismatch,7,20262235,uncoupled,0.0,0.7328930250777934,0.5342139498444131,0.2475572706540363,12.0,28.0,0.42424242424242425
P3-n6,D-mismatch,7,20262235,coupled,0.1,0.7118715259243714,0.5762569481512572,0.3259293405277327,13.0,31.0,0.4696969696969697
P3-n6,D-mismatch,7,20262235,coupled,0.3,0.6629159901140891,0.6741680197718217,0.5062054521476586,13.0,34.0,0.5151515151515151
P3-n6,D-mismatch,7,20262235,coupled,0.5,0.6291455473546463,0.7417089052907072,0.58595226884469,13.0,34.0,0.5151515151515151
P3-n6,D-dependent,8,20262236,uncoupled,0.0,0.8819448774549776,0.23611024509004472,0.24751316258883863,2.0,34.0,0.5151515151515151
P3-n6,D-dependent,8,20262236,coupled,0.1,0.8739095829427821,0.2521808341144359,0.18665310491190018,3.0,37.0,0.5606060606060606
P3-n6,D-dependent,8,20262236,coupled,0.3,0.8486919950744303,0.30261600985113934,0.06390069577294617,12.0,40.0,0.6060606060606061
P3-n6,D-dependent,8,20262236,coupled,0.5,0.8274083592065505,0.345183281586899,0.0,11.0,36.0,0.5454545454545454
P3-n6,D-independent,8,20262236,uncoupled,0.0,0.8524751443162576,0.29504971136748487,0.0,7.0,34.0,0.5151515151515151
P3-n6,D-independent,8,20262236,coupled,0.1,0.8524751443162576,0.29504971136748487,0.0,7.0,34.0,0.5151515151515151
P3-n6,D-independent,8,20262236,coupled,0.3,0.8524751443162576,0.29504971136748487,0.0,7.0,34.0,0.5151515151515151
P3-n6,D-independent,8,20262236,coupled,0.5,0.8524751443162576,0.29504971136748487,0.0,7.0,34.0,0.5151515151515151
P3-n6,D-mismatch,8,20262236,uncoupled,0.0,0.8819448774549776,0.23611024509004472,0.24751316258883863,2.0,34.0,0.5151515151515151
P3-n6,D-mismatch,8,20262236,coupled,0.1,0.8857499080173508,0.2285001839652986,0.29627781552320387,2.0,36.0,0.5454545454545454
P3-n6,D-mismatch,8,20262236,coupled,0.3,0.8774233168671086,0.24515336626578266,0.3896001928201371,2.0,40.0,0.6060606060606061
P3-n6,D-mismatch,8,20262236,coupled,0.5,0.8555558542036195,0.28888829159276114,0.4781938319857577,2.0,42.0,0.6363636363636364
P3-n6,D-dependent,9,20262237,uncoupled,0.0,0.7851427796994614,0.42971444060107705,0.2179384558658123,12.0,32.0,0.48484848484848486
P3-n6,D-dependent,9,20262237,coupled,0.1,0.8027641122943224,0.3944717754113552,0.171040733348493,12.0,34.0,0.5151515151515151
P3-n6,D-dependent,9,20262237,coupled,0.3,0.8249233659180012,0.3501532681639976,0.08197300366190582,3.0,38.0,0.5757575757575758
P3-n6,D-dependent,9,20262237,coupled,0.5,0.8329184432450146,0.33416311350997074,0.0,5.0,36.0,0.5454545454545454
P3-n6,D-independent,9,20262237,uncoupled,0.0,0.8176061046279984,0.3647877907440031,0.0,10.0,32.0,0.48484848484848486
P3-n6,D-independent,9,20262237,coupled,0.1,0.8176061046279984,0.3647877907440031,0.0,10.0,32.0,0.48484848484848486
P3-n6,D-independent,9,20262237,coupled,0.3,0.8176061046279984,0.3647877907440031,0.0,10.0,32.0,0.48484848484848486
P3-n6,D-independent,9,20262237,coupled,0.5,0.8176061046279984,0.3647877907440031,0.0,10.0,32.0,0.48484848484848486
P3-n6,D-mismatch,9,20262237,uncoupled,0.0,0.7851427796994614,0.42971444060107705,0.2179384558658123,12.0,32.0,0.48484848484848486
P3-n6,D-mismatch,9,20262237,coupled,0.1,0.7638094818087403,0.4723810363825194,0.26280293876095095,13.0,29.0,0.4393939393939394
P3-n6,D-mismatch,9,20262237,coupled,0.3,0.7372459186688162,0.5255081626623677,0.30886251375777707,13.0,26.0,0.3939393939393939
P3-n6,D-mismatch,9,20262237,coupled,0.5,0.714783784104525,0.5704324317909498,0.3565325641058883,13.0,23.0,0.3484848484848485
P3-n6,D-dependent,10,20262238,uncoupled,0.0,0.6145469248125812,0.7709061503748375,0.29895833168599895,13.0,28.0,0.42424242424242425
P3-n6,D-dependent,10,20262238,coupled,0.1,0.6336127474999327,0.7327745050001346,0.23470094154740603,12.0,26.0,0.3939393939393939
P3-n6,D-dependent,10,20262238,coupled,0.3,0.6694257418595124,0.661148516280975,0.11127612535916988,11.0,28.0,0.42424242424242425
P3-n6,D-dependent,10,20262238,coupled,0.5,0.6851511955509151,0.6296976088981697,0.0,12.0,28.0,0.42424242424242425
P3-n6,D-independent,10,20262238,uncoupled,0.0,0.7496367887218357,0.5007264225563286,0.0,11.0,28.0,0.42424242424242425
P3-n6,D-independent,10,20262238,coupled,0.1,0.7496367887218357,0.5007264225563286,0.0,11.0,28.0,0.42424242424242425
P3-n6,D-independent,10,20262238,coupled,0.3,0.7496367887218357,0.5007264225563286,0.0,11.0,28.0,0.42424242424242425
P3-n6,D-independent,10,20262238,coupled,0.5,0.7496367887218357,0.5007264225563286,0.0,11.0,28.0,0.42424242424242425
P3-n6,D-mismatch,10,20262238,uncoupled,0.0,0.6145469248125812,0.7709061503748375,0.29895833168599895,13.0,28.0,0.42424242424242425
P3-n6,D-mismatch,10,20262238,coupled,0.1,0.5956387376509344,0.808722524698131,0.3648144101704039,13.0,30.0,0.45454545454545453
P3-n6,D-mismatch,10,20262238,coupled,0.3,0.5701088388226936,0.8597823223546127,0.4633284403634766,13.0,30.0,0.45454545454545453
P3-n6,D-mismatch,10,20262238,coupled,0.5,0.5428023532182504,0.9143952935634991,0.5603323512188287,13.0,30.0,0.45454545454545453
P3-n6,D-dependent,11,20262239,uncoupled,0.0,0.8018111534475953,0.3963776931048093,0.3122800178869918,4.0,24.0,0.36363636363636365
P3-n6,D-dependent,11,20262239,coupled,0.1,0.81514908967862,0.36970182064275997,0.2445609828116849,4.0,26.0,0.3939393939393939
P3-n6,D-dependent,11,20262239,coupled,0.3,0.8299330631652261,0.34013387366954784,0.11668510698621304,4.0,29.0,0.4393939393939394
P3-n6,D-dependent,11,20262239,coupled,0.5,0.831370760695911,0.337258478608178,0.0,4.0,31.0,0.4696969696969697
P3-n6,D-independent,11,20262239,uncoupled,0.0,0.8291196906348648,0.34176061873027047,0.0,9.0,24.0,0.36363636363636365
P3-n6,D-independent,11,20262239,coupled,0.1,0.8291196906348648,0.34176061873027047,0.0,9.0,24.0,0.36363636363636365
P3-n6,D-independent,11,20262239,coupled,0.3,0.8291196906348648,0.34176061873027047,0.0,9.0,24.0,0.36363636363636365
P3-n6,D-independent,11,20262239,coupled,0.5,0.8291196906348648,0.34176061873027047,0.0,9.0,24.0,0.36363636363636365
P3-n6,D-mismatch,11,20262239,uncoupled,0.0,0.8018111534475953,0.3963776931048093,0.3122800178869918,4.0,24.0,0.36363636363636365
P3-n6,D-mismatch,11,20262239,coupled,0.1,0.7859735987054877,0.4280528025890246,0.3830109499926958,4.0,25.0,0.3787878787878788
P3-n6,D-mismatch,11,20262239,coupled,0.3,0.7521334064176806,0.4957331871646388,0.5267255827559896,13.0,22.0,0.3333333333333333
P3-n6,D-mismatch,11,20262239,coupled,0.5,0.7151907318064826,0.5696185363870347,0.6411401737183884,13.0,22.0,0.3333333333333333
P3-n6,D-dependent,12,20262240,uncoupled,0.0,0.6249209942604999,0.7501580114790002,0.6792712089435802,13.0,32.0,0.48484848484848486
P3-n6,D-dependent,12,20262240,coupled,0.1,0.644586985381941,0.7108260292361179,0.594909145458319,13.0,34.0,0.5151515151515151
P3-n6,D-dependent,12,20262240,coupled,0.3,0.6904841750766817,0.6190316498466365,0.31844827315621094,13.0,37.0,0.5606060606060606
P3-n6,D-dependent,12,20262240,coupled,0.5,0.7297692757867718,0.5404614484264566,0.0,9.0,43.0,0.6515151515151515
P3-n6,D-independent,12,20262240,uncoupled,0.0,0.720531965587365,0.5589360688252701,0.0,10.0,32.0,0.48484848484848486
P3-n6,D-independent,12,20262240,coupled,0.1,0.720531965587365,0.5589360688252701,0.0,10.0,32.0,0.48484848484848486
P3-n6,D-independent,12,20262240,coupled,0.3,0.720531965587365,0.5589360688252701,0.0,10.0,32.0,0.48484848484848486
P3-n6,D-independent,12,20262240,coupled,0.5,0.720531965587365,0.5589360688252701,0.0,10.0,32.0,0.48484848484848486
P3-n6,D-mismatch,12,20262240,uncoupled,0.0,0.6249209942604999,0.7501580114790002,0.6792712089435802,13.0,32.0,0.48484848484848486
P3-n6,D-mismatch,12,20262240,coupled,0.1,0.6069070272644108,0.7861859454711784,0.73910626107264,13.0,32.0,0.48484848484848486
P3-n6,D-mismatch,12,20262240,coupled,0.3,0.5729059026394343,0.8541881947211315,0.8231069603505119,13.0,39.0,0.5909090909090909
P3-n6,D-mismatch,12,20262240,coupled,0.5,0.5442746169859982,0.9114507660280037,0.9164903544319427,13.0,39.0,0.5909090909090909
P3-n6,D-dependent,13,20262241,uncoupled,0.0,0.6116671630990798,0.7766656738018406,0.4201068878202928,13.0,30.0,0.45454545454545453
P3-n6,D-dependent,13,20262241,coupled,0.1,0.6347912853300515,0.7304174293398971,0.3449380368572391,13.0,31.0,0.4696969696969697
P3-n6,D-dependent,13,20262241,coupled,0.3,0.6761208710959541,0.6477582578080917,0.16659614403159007,12.0,34.0,0.5151515151515151
P3-n6,D-dependent,13,20262241,coupled,0.5,0.7052697049807357,0.5894605900385285,0.0,12.0,31.0,0.4696969696969697
P3-n6,D-independent,13,20262241,uncoupled,0.0,0.7706444200891674,0.45871115982166516,0.0,10.0,30.0,0.45454545454545453
P3-n6,D-independent,13,20262241,coupled,0.1,0.7706444200891674,0.45871115982166516,0.0,10.0,30.0,0.45454545454545453
P3-n6,D-independent,13,20262241,coupled,0.3,0.7706444200891674,0.45871115982166516,0.0,10.0,30.0,0.45454545454545453
P3-n6,D-independent,13,20262241,coupled,0.5,0.7706444200891674,0.45871115982166516,0.0,10.0,30.0,0.45454545454545453
P3-n6,D-mismatch,13,20262241,uncoupled,0.0,0.6116671630990798,0.7766656738018406,0.4201068878202928,13.0,30.0,0.45454545454545453
P3-n6,D-mismatch,13,20262241,coupled,0.1,0.5893940767267101,0.8212118465465799,0.4930944192483233,13.0,28.0,0.42424242424242425
P3-n6,D-mismatch,13,20262241,coupled,0.3,0.5492694687279354,0.9014610625441292,0.6069630590325634,13.0,34.0,0.5151515151515151
P3-n6,D-mismatch,13,20262241,coupled,0.5,0.5355435927585057,0.9289128144829885,0.681346358634497,13.0,32.0,0.48484848484848486
P3-n6,D-dependent,14,20262242,uncoupled,0.0,0.8186252258769255,0.36274954824614897,0.2741337152347385,13.0,36.0,0.5454545454545454
P3-n6,D-dependent,14,20262242,coupled,0.1,0.8175732501899158,0.3648534996201684,0.22324125382949866,9.0,37.0,0.5606060606060606
P3-n6,D-dependent,14,20262242,coupled,0.3,0.8038365804989437,0.3923268390021126,0.11584724835040351,9.0,37.0,0.5606060606060606
P3-n6,D-dependent,14,20262242,coupled,0.5,0.7844167201393468,0.4311665597213063,0.0,12.0,34.0,0.5151515151515151
P3-n6,D-independent,14,20262242,uncoupled,0.0,0.8351980006028845,0.3296039987942309,0.0,4.0,36.0,0.5454545454545454
P3-n6,D-independent,14,20262242,coupled,0.1,0.8351980006028845,0.3296039987942309,0.0,4.0,36.0,0.5454545454545454
P3-n6,D-independent,14,20262242,coupled,0.3,0.8351980006028845,0.3296039987942309,0.0,4.0,36.0,0.5454545454545454
P3-n6,D-independent,14,20262242,coupled,0.5,0.8351980006028845,0.3296039987942309,0.0,4.0,36.0,0.5454545454545454
P3-n6,D-mismatch,14,20262242,uncoupled,0.0,0.8186252258769255,0.36274954824614897,0.2741337152347385,13.0,36.0,0.5454545454545454
P3-n6,D-mismatch,14,20262242,coupled,0.1,0.8165181196617006,0.36696376067659875,0.3233336489092685,13.0,36.0,0.5454545454545454
P3-n6,D-mismatch,14,20262242,coupled,0.3,0.7980686152029776,0.4038627695940449,0.41194183442923343,13.0,43.0,0.6515151515151515
P3-n6,D-mismatch,14,20262242,coupled,0.5,0.7753775238289595,0.4492449523420809,0.47890923964716503,13.0,44.0,0.6666666666666666
